,YEAR,EPISODE_ID,EVENT_ID,STATE,EVENT_TYPE,TOTAL DEATHS,TOTAL INJURIES,TOTAL DAMAGES,DAMAGE_PROPERTY,DAMAGE_CROPS,SOURCE,MAGNITUDE,MAGNITUDE_TYPE,TOR_F_SCALE,TOR_LENGTH,TOR_WIDTH,TOR_OTHER_CZ_STATE,BEGIN_LOCATION,BEGIN_LAT,BEGIN_LON,END_LAT,END_LON
26,2022,174377,1057285,OKLAHOMA,Wildfire,0,1,0.0,0.0,0.0,Park/Forest Service,,,,,,,,,,,
27,2022,174662,1058840,MISSOURI,Wildfire,0,2,0.0,0.0,0.0,Fire Department/Rescue,,,,,,,,,,,
71,2022,174975,1060705,NEBRASKA,Wildfire,1,0,3000000.0,2000000.0,1000000.0,Emergency Manager,,,,,,,,,,,
73,2022,174659,1058836,MISSOURI,Wildfire,0,1,200000.0,200000.0,0.0,Emergency Manager,,,,,,,,,,,
152,2022,167246,1015508,NEW MEXICO,Wildfire,0,10,11000000.0,11000000.0,0.0,Other Federal Agency,,,,,,,,,,,
157,2022,166670,1010515,NEW MEXICO,Wildfire,0,1,2000000.0,2000000.0,0.0,Other Federal Agency,,,,,,,,,,,
160,2022,167944,1016435,OKLAHOMA,Wildfire,1,0,0.0,0.0,0.0,Park/Forest Service,,,,,,,,,,,
178,2022,166670,1012040,NEW MEXICO,Wildfire,2,0,10000000.0,10000000.0,0.0,Other Federal Agency,,,,,,,,,,,
208,2022,167490,1015542,TEXAS,Wildfire,1,0,0.0,0.0,0.0,Park/Forest Service,,,,,,,,,,,
210,2022,168532,1023013,NEBRASKA,Wildfire,1,5,0.0,0.0,0.0,Other Federal Agency,,,,,,,,,,,
228,2022,166549,1010572,COLORADO,Wildfire,0,3,0.0,0.0,0.0,Emergency Manager,,,,,,,,,,,
237,2022,167243,1018398,NEW MEXICO,Wildfire,0,3,100000000.0,100000000.0,0.0,Other Federal Agency,,,,,,,,,,,
262,2022,166624,1020057,NEBRASKA,Wildfire,1,2,0.0,0.0,0.0,Emergency Manager,,,,,,,,,,,
282,2022,167265,1012484,CALIFORNIA,Wildfire,0,3,100000.0,0.0,100000.0,Fire Department/Rescue,,,,,,,,,,,
294,2022,167971,1016700,TEXAS,Wildfire,0,4,300000.0,300000.0,0.0,Broadcast Media,,,,,,,,,,,
314,2022,167490,1015550,TEXAS,Wildfire,0,4,0.0,0.0,0.0,Park/Forest Service,,,,,,,,,,,
331,2022,171069,1038357,OREGON,Wildfire,1,0,0.0,0.0,0.0,Other Federal Agency,,,,,,,,,,,
334,2022,171062,1038350,CALIFORNIA,Wildfire,4,0,0.0,0.0,0.0,Other Federal Agency,,,,,,,,,,,
335,2022,171351,1040249,OREGON,Wildfire,1,0,0.0,0.0,0.0,Fire Department/Rescue,,,,,,,,,,,
367,2022,168987,1023799,NEBRASKA,Wildfire,0,1,0.0,0.0,0.0,Emergency Manager,,,,,,,,,,,
445,2022,172524,1047533,TEXAS,Wildfire,0,1,0.0,0.0,0.0,County Official,,,,,,,,,,,
448,2022,172524,1047561,TEXAS,Wildfire,0,1,0.0,0.0,0.0,Park/Forest Service,,,,,,,,,,,
506,2022,171958,1044021,CALIFORNIA,Wildfire,2,0,0.0,0.0,0.0,Other Federal Agency,,,,,,,,,,,
513,2022,174587,1058240,OKLAHOMA,Wildfire,0,1,10000.0,10000.0,0.0,Park/Forest Service,,,,,,,,,,,
526,2022,173076,1051016,CALIFORNIA,Wildfire,2,3,0.0,0.0,0.0,Fire Department/Rescue,,,,,,,,,,,
540,2022,174447,1058215,CALIFORNIA,Wildfire,0,2,0.0,0.0,0.0,Fire Department/Rescue,,,,,,,,,,,
541,2022,174585,1058237,OKLAHOMA,Wildfire,1,8,0.0,0.0,0.0,Park/Forest Service,,,,,,,,,,,
557,2022,173940,1054970,WASHINGTON,Wildfire,0,1,240000.0,240000.0,0.0,Newspaper,,,,,,,,,,,
628,2022,169118,1024594,CALIFORNIA,Wildfire,0,3,0.0,0.0,0.0,Fire Department/Rescue,,,,,,,,,,,
862,2021,156629,946458,NEW MEXICO,Wildfire,0,2,50000.0,50000.0,0.0,Fire Department/Rescue,,,,,,,,,,,
984,2021,156397,944472,NEW JERSEY,Wildfire,0,1,0.0,0.0,0.0,State Official,,,,,,,,,,,
997,2021,156973,948852,OKLAHOMA,Wildfire,0,1,25000.0,25000.0,0.0,Park/Forest Service,,,,,,,,,,,
1182,2021,159941,966938,MONTANA,Wildfire,1,1,0.0,0.0,0.0,County Official,,,,,,,,,,,
1195,2021,161022,972552,OREGON,Wildfire,1,0,0.0,0.0,0.0,Park/Forest Service,,,,,,,,,,,
1213,2021,161033,972586,WASHINGTON,Wildfire,0,1,5000.0,5000.0,0.0,Park/Forest Service,,,,,,,,,,,
1222,2021,161880,977355,CALIFORNIA,Wildfire,1,3,0.0,0.0,0.0,Park/Forest Service,,,,,,,,,,,
1252,2021,164203,994281,KANSAS,Wildfire,1,0,1500000.0,1500000.0,0.0,Emergency Manager,,,,,,,,,,,
1271,2021,164296,994212,WYOMING,Wildfire,1,0,2000000.0,2000000.0,0.0,Law Enforcement,,,,,,,,,,,
1282,2021,164594,997495,KANSAS,Wildfire,1,1,550000.0,550000.0,0.0,911 Call Center,,,,,,,,,,,
1287,2021,164403,992441,TEXAS,Wildfire,0,1,0.0,0.0,0.0,Fire Department/Rescue,,,,,,,,,,,
1310,2021,162266,980576,CALIFORNIA,Wildfire,0,1,100000.0,100000.0,0.0,Fire Department/Rescue,,,,,,,,,,,
1341,2021,163501,987044,COLORADO,Wildfire,1,1,0.0,0.0,0.0,911 Call Center,,,,,,,,,,,
1343,2021,163593,987740,IDAHO,Wildfire,0,3,0.0,0.0,0.0,Park/Forest Service,,,,,,,,,,,
1404,2021,164367,992210,KANSAS,Wildfire,1,0,0.0,0.0,0.0,Other Federal Agency,,,,,,,,,,,
1441,2021,159799,965934,MONTANA,Wildfire,0,5,0.0,0.0,0.0,Park/Forest Service,,,,,,,,,,,
1537,2021,162478,984676,IDAHO,Wildfire,0,14,2000.0,2000.0,0.0,Park/Forest Service,,,,,,,,,,,
1541,2021,162478,984675,IDAHO,Wildfire,0,5,0.0,0.0,0.0,Park/Forest Service,,,,,,,,,,,
1574,2021,164114,992562,COLORADO,Wildfire,2,6,2000000000.0,2000000000.0,0.0,Emergency Manager,,,,,,,,,,,
1660,2020,148121,891973,CALIFORNIA,Wildfire,0,1,0.0,0.0,0.0,Broadcast Media,,,,,,,,,,,
1665,2020,154849,933229,CALIFORNIA,Wildfire,0,2,0.0,0.0,0.0,Fire Department/Rescue,,,,,,,,,,,
1718,2020,151962,915154,CALIFORNIA,Wildfire,0,4,0.0,0.0,0.0,Fire Department/Rescue,,,,,,,,,,,
1719,2020,151963,915156,CALIFORNIA,Wildfire,0,8,0.0,0.0,0.0,Fire Department/Rescue,,,,,,,,,,,
1727,2020,151961,915153,CALIFORNIA,Wildfire,0,1,0.0,0.0,0.0,Fire Department/Rescue,,,,,,,,,,,
1728,2020,146996,883722,ARKANSAS,Wildfire,1,2,0.0,0.0,0.0,Emergency Manager,,,,,,,,,,,
1761,2020,148161,892202,WISCONSIN,Wildfire,1,0,3000.0,3000.0,0.0,Law Enforcement,,,,,,,,,,,
1804,2020,147400,886389,WISCONSIN,Wildfire,1,0,0.0,0.0,0.0,Law Enforcement,,,,,,,,,,,
1948,2020,148859,896866,ARIZONA,Wildfire,1,0,0.0,0.0,0.0,NWS Employee,,,,,,,,,,,
1969,2020,151113,911089,CALIFORNIA,Wildfire,0,68,1000000.0,1000000.0,0.0,Other Federal Agency,,,,,,,,,,,
1984,2020,150528,912338,ARIZONA,Wildfire,0,2,0.0,0.0,0.0,Park/Forest Service,,,,,,,,,,,
1990,2020,150767,908869,TEXAS,Wildfire,0,1,0.0,0.0,0.0,Fire Department/Rescue,,,,,,,,,,,
2015,2020,150658,912887,CALIFORNIA,Wildfire,3,5,0.0,0.0,0.0,Fire Department/Rescue,,,,,,,,,,,
2016,2020,150658,908492,CALIFORNIA,Wildfire,1,3,0.0,0.0,0.0,Fire Department/Rescue,,,,,,,,,,,
2017,2020,150658,912890,CALIFORNIA,Wildfire,0,6,0.0,0.0,0.0,Fire Department/Rescue,,,,,,,,,,,
2023,2020,150658,908494,CALIFORNIA,Wildfire,0,4,0.0,0.0,0.0,Fire Department/Rescue,,,,,,,,,,,
2025,2020,152359,917682,CALIFORNIA,Wildfire,1,0,0.0,0.0,0.0,Fire Department/Rescue,,,,,,,,,,,
2056,2020,152357,917670,CALIFORNIA,Wildfire,1,0,0.0,0.0,0.0,Fire Department/Rescue,,,,,,,,,,,
2064,2020,152854,920774,CALIFORNIA,Wildfire,1,13,0.0,0.0,0.0,Park/Forest Service,,,,,,,,,,,
2084,2020,152444,919148,CALIFORNIA,Wildfire,1,0,0.0,0.0,0.0,Fire Department/Rescue,,,,,,,,,,,
2085,2020,152444,919149,CALIFORNIA,Wildfire,1,0,0.0,0.0,0.0,Fire Department/Rescue,,,,,,,,,,,
2091,2020,150909,909610,OREGON,Wildfire,3,0,10000000.0,10000000.0,0.0,Other Federal Agency,,,,,,,,,,,
2105,2020,152510,920824,WASHINGTON,Wildfire,1,2,11000000.0,11000000.0,0.0,Park/Forest Service,,,,,,,,,,,
2122,2020,153249,923441,CALIFORNIA,Wildfire,4,1,0.0,0.0,0.0,Fire Department/Rescue,,,,,,,,,,,
2132,2020,152993,922212,CALIFORNIA,Wildfire,0,29,0.0,0.0,0.0,Park/Forest Service,,,,,,,,,,,
2144,2020,153230,922725,CALIFORNIA,Wildfire,16,0,0.0,0.0,0.0,Fire Department/Rescue,,,,,,,,,,,
2145,2020,154213,929237,CALIFORNIA,Wildfire,0,1,0.0,0.0,0.0,Fire Department/Rescue,,,,,,,,,,,
2146,2020,152991,921475,CALIFORNIA,Wildfire,0,15,0.0,0.0,0.0,Park/Forest Service,,,,,,,,,,,
2156,2020,154763,932470,NEVADA,Wildfire,0,3,0.0,0.0,0.0,County Official,,,,,,,,,,,
2174,2020,150275,907564,ARIZONA,Wildfire,0,7,0.0,0.0,0.0,Park/Forest Service,,,,,,,,,,,
2191,2020,150694,908522,OKLAHOMA,Wildfire,0,5,1500000.0,1500000.0,0.0,Fire Department/Rescue,,,,,,,,,,,
2213,2020,154764,932473,CALIFORNIA,Wildfire,1,0,0.0,0.0,0.0,County Official,,,,,,,,,,,
2227,2020,153366,923474,COLORADO,Wildfire,2,0,166600000.0,166600000.0,0.0,Newspaper,,,,,,,,,,,
2242,2020,153562,924591,CALIFORNIA,Wildfire,0,2,0.0,0.0,0.0,Fire Department/Rescue,,,,,,,,,,,
2314,2020,154273,931968,OREGON,Wildfire,0,10,0.0,0.0,0.0,Other Federal Agency,,,,,,,,,,,
2316,2020,154273,929885,OREGON,Wildfire,1,6,0.0,0.0,0.0,Other Federal Agency,,,,,,,,,,,
2323,2020,154273,929465,OREGON,Wildfire,0,1,0.0,0.0,0.0,Emergency Manager,,,,,,,,,,,
2325,2020,154273,929780,OREGON,Wildfire,5,10,0.0,0.0,0.0,Other Federal Agency,,,,,,,,,,,
2326,2020,154273,929884,OREGON,Wildfire,1,6,0.0,0.0,0.0,Other Federal Agency,,,,,,,,,,,
2328,2020,149326,900079,CALIFORNIA,Wildfire,1,0,0.0,0.0,0.0,Fire Department/Rescue,,,,,,,,,,,
2330,2020,154273,935798,OREGON,Wildfire,0,5,0.0,0.0,0.0,Other Federal Agency,,,,,,,,,,,
2515,2019,133687,800025,NEW MEXICO,Wildfire,0,2,500000.0,500000.0,0.0,Broadcast Media,,,,,,,,,,,
2589,2019,143563,861465,CALIFORNIA,Wildfire,1,8,0.0,0.0,0.0,Fire Department/Rescue,,,,,,,,,,,
2592,2019,143563,861463,CALIFORNIA,Wildfire,1,8,0.0,0.0,0.0,Fire Department/Rescue,,,,,,,,,,,
2593,2019,143563,861464,CALIFORNIA,Wildfire,1,8,0.0,0.0,0.0,Fire Department/Rescue,,,,,,,,,,,
2662,2019,143753,863131,CALIFORNIA,Wildfire,0,7,0.0,0.0,0.0,Park/Forest Service,,,,,,,,,,,
2671,2019,137321,824261,CALIFORNIA,Wildfire,0,1,5000.0,5000.0,0.0,Fire Department/Rescue,,,,,,,,,,,
2710,2019,143582,863234,CALIFORNIA,Wildfire,0,1,4000000.0,4000000.0,0.0,Fire Department/Rescue,,,,,,,,,,,
2721,2019,139253,837626,CALIFORNIA,Wildfire,0,2,0.0,0.0,0.0,Fire Department/Rescue,,,,,,,,,,,
2788,2019,143571,861536,CALIFORNIA,Wildfire,2,0,8000000.0,8000000.0,0.0,Fire Department/Rescue,,,,,,,,,,,
2791,2019,142459,855131,CALIFORNIA,Wildfire,0,4,0.0,0.0,0.0,Fire Department/Rescue,,,,,,,,,,,
2810,2019,143582,863235,CALIFORNIA,Wildfire,0,1,100000.0,100000.0,0.0,Fire Department/Rescue,,,,,,,,,,,
2822,2019,142866,857284,CALIFORNIA,Wildfire,0,1,100000.0,100000.0,0.0,Park/Forest Service,,,,,,,,,,,
2902,2019,139925,841830,NEVADA,Wildfire,0,2,35000.0,35000.0,0.0,Other Federal Agency,,,,,,,,,,,
2907,2019,142312,854518,CALIFORNIA,Wildfire,0,3,0.0,0.0,0.0,Fire Department/Rescue,,,,,,,,,,,
3125,2019,142691,856590,CALIFORNIA,Wildfire,0,4,0.0,0.0,0.0,Fire Department/Rescue,,,,,,,,,,,
3154,2019,142509,855382,WASHINGTON,Wildfire,1,0,10000.0,10000.0,0.0,Emergency Manager,,,,,,,,,,,
3155,2019,143562,861460,CALIFORNIA,Wildfire,0,4,0.0,0.0,0.0,Fire Department/Rescue,,,,,,,,,,,
3158,2019,143562,861459,CALIFORNIA,Wildfire,0,4,0.0,0.0,0.0,Fire Department/Rescue,,,,,,,,,,,
3160,2019,143565,861473,CALIFORNIA,Wildfire,0,3,0.0,0.0,0.0,Fire Department/Rescue,,,,,,,,,,,
3233,2019,142822,858107,CALIFORNIA,Wildfire,0,3,100000.0,100000.0,0.0,Other Federal Agency,,,,,,,,,,,
3266,2018,124316,745839,TEXAS,Wildfire,0,1,0.0,0.0,0.0,Fire Department/Rescue,,,,,,,,,,,
3270,2018,124318,745841,TEXAS,Wildfire,0,1,0.0,0.0,0.0,Fire Department/Rescue,,,,,,,,,,,
3290,2018,124059,744544,NEBRASKA,Wildfire,0,17,1000000.0,1000000.0,0.0,Emergency Manager,,,,,,,,,,,
3311,2018,129663,776719,NEVADA,Wildfire,0,2,0.0,0.0,0.0,Other Federal Agency,,,,,,,,,,,
3448,2018,124228,745482,TEXAS,Wildfire,1,0,0.0,0.0,0.0,Emergency Manager,,,,,,,,,,,
3480,2018,124970,749533,OKLAHOMA,Wildfire,1,3,0.0,0.0,0.0,Park/Forest Service,,,,,,,,,,,
3481,2018,124970,749534,OKLAHOMA,Wildfire,0,4,0.0,0.0,0.0,Park/Forest Service,,,,,,,,,,,
3482,2018,124970,749535,OKLAHOMA,Wildfire,1,1,0.0,0.0,0.0,Park/Forest Service,,,,,,,,,,,
3483,2018,124970,749539,OKLAHOMA,Wildfire,0,2,0.0,0.0,0.0,Park/Forest Service,,,,,,,,,,,
3496,2018,133032,795858,CALIFORNIA,Wildfire,3,0,0.0,0.0,0.0,Fire Department/Rescue,,,,,,,,,,,
3497,2018,133032,795859,CALIFORNIA,Wildfire,3,0,0.0,0.0,0.0,Fire Department/Rescue,,,,,,,,,,,
3504,2018,133032,795860,CALIFORNIA,Wildfire,3,0,0.0,0.0,0.0,Fire Department/Rescue,,,,,,,,,,,
3506,2018,133032,795861,CALIFORNIA,Wildfire,3,0,0.0,0.0,0.0,Fire Department/Rescue,,,,,,,,,,,
3510,2018,127947,767448,CALIFORNIA,Wildfire,0,1,0.0,0.0,0.0,Fire Department/Rescue,,,,,,,,,,,
3511,2018,127954,767472,CALIFORNIA,Wildfire,0,1,0.0,0.0,0.0,Fire Department/Rescue,,,,,,,,,,,
3514,2018,127030,761300,OREGON,Wildfire,1,0,0.0,0.0,0.0,Fire Department/Rescue,,,,,,,,,,,
3536,2018,127991,767707,CALIFORNIA,Wildfire,0,3,100000.0,100000.0,0.0,Tribal Official,,,,,,,,,,,
3544,2018,133032,795857,CALIFORNIA,Wildfire,3,0,0.0,0.0,0.0,Fire Department/Rescue,,,,,,,,,,,
3558,2018,128013,768073,CALIFORNIA,Wildfire,2,9,0.0,0.0,0.0,Park/Forest Service,,,,,,,,,,,
3559,2018,126140,756201,CALIFORNIA,Wildfire,1,0,0.0,0.0,0.0,State Official,,,,,,,,,,,
3565,2018,128013,767811,CALIFORNIA,Wildfire,2,9,0.0,0.0,0.0,Park/Forest Service,,,,,,,,,,,
3570,2018,127473,764060,OREGON,Wildfire,1,0,0.0,0.0,0.0,Park/Forest Service,,,,,,,,,,,
3577,2018,127186,762221,CALIFORNIA,Wildfire,0,1,0.0,0.0,0.0,Fire Department/Rescue,,,,,,,,,,,
3594,2018,125161,750584,OKLAHOMA,Wildfire,0,1,0.0,0.0,0.0,Park/Forest Service,,,,,,,,,,,
3608,2018,129479,775713,CALIFORNIA,Wildfire,0,1,500000.0,500000.0,0.0,Fire Department/Rescue,,,,,,,,,,,
3640,2018,131864,788675,CALIFORNIA,Wildfire,86,12,17000000000.0,17000000000.0,0.0,Fire Department/Rescue,,,,,,,,,,,
3643,2018,130432,780787,UTAH,Wildfire,0,5,600000.0,600000.0,0.0,Broadcast Media,,,,,,,,,,,
3658,2018,130808,782710,CALIFORNIA,Wildfire,0,9,0.0,0.0,0.0,Fire Department/Rescue,,,,,,,,,,,
3659,2018,131297,785533,WYOMING,Wildfire,0,2,0.0,0.0,0.0,Park/Forest Service,,,,,,,,,,,
3660,2018,131297,785534,WYOMING,Wildfire,0,1,10000000.0,10000000.0,0.0,Park/Forest Service,,,,,,,,,,,
3725,2018,129577,776252,CALIFORNIA,Wildfire,0,19,0.0,0.0,0.0,Park/Forest Service,,,,,,,,,,,
3726,2018,129577,776253,CALIFORNIA,Wildfire,0,19,0.0,0.0,0.0,Park/Forest Service,,,,,,,,,,,
3735,2018,127720,766055,CALIFORNIA,Wildfire,0,5,0.0,0.0,0.0,Fire Department/Rescue,,,,,,,,,,,
3764,2018,127480,764126,UTAH,Wildfire,0,2,750000.0,750000.0,0.0,Broadcast Media,,,,,,,,,,,
3825,2018,129546,776160,CALIFORNIA,Wildfire,0,3,500000.0,500000.0,0.0,Tribal Official,,,,,,,,,,,
3866,2018,129662,776718,NEVADA,Wildfire,0,1,0.0,0.0,0.0,Park/Forest Service,,,,,,,,,,,
3909,2018,129303,774723,CALIFORNIA,Wildfire,1,16,56000000.0,56000000.0,0.0,Fire Department/Rescue,,,,,,,,,,,
3910,2018,129303,774715,CALIFORNIA,Wildfire,4,0,1500000000.0,1500000000.0,0.0,Fire Department/Rescue,,,,,,,,,,,
3920,2018,129178,774207,HAWAII,Wildfire,0,1,0.0,0.0,0.0,Broadcast Media,,,,,,,,,,,
3935,2018,129177,774206,HAWAII,Wildfire,0,1,0.0,0.0,0.0,Broadcast Media,,,,,,,,,,,
4208,2017,120985,724178,CALIFORNIA,Wildfire,8,1,38400000.0,38400000.0,0.0,State Official,,,,,,,,,,,
4216,2017,114585,687246,TEXAS,Wildfire,0,1,0.0,0.0,0.0,Fire Department/Rescue,,,,,,,,,,,
4277,2017,114597,687305,TEXAS,Wildfire,0,3,0.0,0.0,0.0,Fire Department/Rescue,,,,,,,,,,,
4278,2017,114599,687307,TEXAS,Wildfire,1,2,25100000.0,25100000.0,0.0,Fire Department/Rescue,,,,,,,,,,,
4302,2017,114142,683771,OKLAHOMA,Wildfire,1,0,0.0,0.0,0.0,Park/Forest Service,,,,,,,,,,,
4327,2017,114335,685126,OKLAHOMA,Wildfire,1,0,0.0,0.0,0.0,Park/Forest Service,,,,,,,,,,,
4340,2017,114600,687309,TEXAS,Wildfire,3,0,0.0,0.0,0.0,Fire Department/Rescue,,,,,,,,,,,
4341,2017,114601,687312,TEXAS,Wildfire,0,2,0.0,0.0,0.0,Fire Department/Rescue,,,,,,,,,,,
4343,2017,112790,673746,COLORADO,Wildfire,0,1,1000000.0,1000000.0,0.0,County Official,,,,,,,,,,,
4430,2017,112649,672526,KANSAS,Wildfire,0,1,0.0,0.0,0.0,Law Enforcement,,,,,,,,,,,
4488,2017,115373,692702,FLORIDA,Wildfire,0,1,3500000.0,3500000.0,0.0,Emergency Manager,,,,,,,,,,,
4516,2017,115871,700786,NEW MEXICO,Wildfire,1,1,0.0,0.0,0.0,Fire Department/Rescue,,,,,,,,,,,
4520,2017,115871,700787,NEW MEXICO,Wildfire,0,3,50000.0,50000.0,0.0,Broadcast Media,,,,,,,,,,,
4546,2017,118309,710943,ARIZONA,Wildfire,0,1,750000.0,750000.0,0.0,Park/Forest Service,,,,,,,,,,,
4596,2017,119791,718317,CALIFORNIA,Wildfire,0,6,0.0,0.0,0.0,Park/Forest Service,,,,,,,,,,,
4597,2017,119792,718319,CALIFORNIA,Wildfire,0,5,0.0,0.0,0.0,Park/Forest Service,,,,,,,,,,,
4635,2017,119788,718304,CALIFORNIA,Wildfire,0,6,0.0,0.0,0.0,Park/Forest Service,,,,,,,,,,,
4653,2017,118476,711896,CALIFORNIA,Wildfire,0,2,0.0,0.0,0.0,Fire Department/Rescue,,,,,,,,,,,
4664,2017,119790,718315,CALIFORNIA,Wildfire,0,5,0.0,0.0,0.0,Park/Forest Service,,,,,,,,,,,
4696,2017,121748,728805,ARKANSAS,Wildfire,0,3,50000.0,50000.0,0.0,Emergency Manager,,,,,,,,,,,
4700,2017,115605,694359,COLORADO,Wildfire,0,1,0.0,0.0,0.0,Broadcast Media,,,,,,,,,,,
4703,2017,121926,729836,CALIFORNIA,Wildfire,1,0,0.0,0.0,0.0,Fire Department/Rescue,,,,,,,,,,,
4704,2017,121926,729837,CALIFORNIA,Wildfire,1,0,0.0,0.0,0.0,Fire Department/Rescue,,,,,,,,,,,
4709,2017,121926,729838,CALIFORNIA,Wildfire,1,0,0.0,0.0,0.0,Fire Department/Rescue,,,,,,,,,,,
4710,2017,121926,729839,CALIFORNIA,Wildfire,1,0,0.0,0.0,0.0,Fire Department/Rescue,,,,,,,,,,,
4713,2017,121926,729840,CALIFORNIA,Wildfire,1,0,0.0,0.0,0.0,Fire Department/Rescue,,,,,,,,,,,
4737,2017,121770,728874,TEXAS,Wildfire,0,1,0.0,0.0,0.0,Fire Department/Rescue,,,,,,,,,,,
4798,2017,116899,702905,CALIFORNIA,Wildfire,1,0,0.0,0.0,0.0,Broadcast Media,,,,,,,,,,,
4833,2017,116242,698876,CALIFORNIA,Wildfire,0,6,0.0,0.0,0.0,Fire Department/Rescue,,,,,,,,,,,
4884,2017,121203,725589,CALIFORNIA,Wildfire,4,1,0.0,0.0,0.0,Fire Department/Rescue,,,,,,,,,,,
4885,2017,119485,717076,ARIZONA,Wildfire,0,1,600000.0,600000.0,0.0,Other Federal Agency,,,,,,,,,,,
5058,2016,104538,626199,TEXAS,Wildfire,0,1,0.0,0.0,0.0,Fire Department/Rescue,,,,,,,,,,,
5242,2016,106161,637349,CALIFORNIA,Wildfire,2,0,0.0,0.0,0.0,Park/Forest Service,,,,,,,,,,,
5259,2016,107567,644664,CALIFORNIA,Wildfire,2,0,4000000.0,4000000.0,0.0,Fire Department/Rescue,,,,,,,,,,,
5269,2016,109090,653935,WYOMING,Wildfire,0,1,500000.0,500000.0,0.0,Newspaper,,,,,,,,,,,
5271,2016,109177,653884,UTAH,Wildfire,0,11,3000000.0,3000000.0,0.0,Newspaper,,,,,,,,,,,
5354,2016,108187,648138,CALIFORNIA,Wildfire,0,3,0.0,0.0,0.0,State Official,,,,,,,,,,,
5366,2016,109764,656638,WYOMING,Wildfire,0,1,500000.0,500000.0,0.0,Newspaper,,,,,,,,,,,
5378,2016,109803,656752,CALIFORNIA,Wildfire,0,2,50000000.0,50000000.0,0.0,Fire Department/Rescue,,,,,,,,,,,
5383,2016,110913,661928,KENTUCKY,Wildfire,1,0,0.0,0.0,0.0,Broadcast Media,,,,,,,,,,,
5442,2016,109262,654385,ALASKA,Wildfire,0,2,0.0,0.0,0.0,Fire Department/Rescue,,,,,,,,,,,
5617,2016,108919,652430,CALIFORNIA,Wildfire,0,1,50000.0,50000.0,0.0,Fire Department/Rescue,,,,,,,,,,,
5630,2016,110433,660354,KENTUCKY,Wildfire,1,20,0.0,0.0,0.0,Emergency Manager,,,,,,,,,,,
5737,2015,96298,580671,ALASKA,Wildfire,0,4,750000.0,750000.0,0.0,Other Federal Agency,,,,,,,,,,,
5742,2015,96298,580683,ALASKA,Wildfire,0,4,400000.0,400000.0,0.0,Fire Department/Rescue,,,,,,,,,,,
5743,2015,93368,566205,MONTANA,Wildfire,1,0,0.0,0.0,0.0,Law Enforcement,,,,,,,,,,,
5753,2015,94673,569147,WYOMING,Wildfire,0,2,5000.0,5000.0,0.0,Fire Department/Rescue,,,,,,,,,,,
5762,2015,93143,572447,NEW JERSEY,Wildfire,0,2,5000.0,5000.0,0.0,Newspaper,,,,,,,,,,,
5845,2015,99432,596854,CALIFORNIA,Wildfire,0,1,25000.0,25000.0,0.0,Park/Forest Service,,,,,,,,,,,
5866,2015,99183,595803,HAWAII,Wildfire,0,1,0.0,0.0,0.0,Newspaper,,,,,,,,,,,
6093,2015,93215,572636,PENNSYLVANIA,Wildfire,1,0,1000.0,1000.0,0.0,Newspaper,,,,,,,,,,,
6095,2015,94257,566835,WISCONSIN,Wildfire,0,1,57000.0,57000.0,0.0,Broadcast Media,,,,,,,,,,,
6116,2015,93215,572640,PENNSYLVANIA,Wildfire,0,3,1000.0,1000.0,0.0,Park/Forest Service,,,,,,,,,,,
6124,2015,94278,566880,SOUTH CAROLINA,Wildfire,0,1,0.0,0.0,0.0,Broadcast Media,,,,,,,,,,,
6159,2015,93231,572541,PENNSYLVANIA,Wildfire,0,1,0.0,0.0,0.0,Newspaper,,,,,,,,,,,
6228,2015,100320,600928,WYOMING,Wildfire,0,2,5000000.0,5000000.0,0.0,Fire Department/Rescue,,,,,,,,,,,
6253,2015,97317,585274,CALIFORNIA,Wildfire,1,0,0.0,0.0,0.0,Other Federal Agency,,,,,,,,,,,
6304,2015,99362,597821,CALIFORNIA,Wildfire,2,1,0.0,0.0,0.0,Park/Forest Service,,,,,,,,,,,
6305,2015,99362,597822,CALIFORNIA,Wildfire,4,4,0.0,0.0,0.0,Park/Forest Service,,,,,,,,,,,
6347,2015,99401,596730,CALIFORNIA,Wildfire,0,6,0.0,0.0,0.0,Park/Forest Service,,,,,,,,,,,
6419,2015,101318,606111,TEXAS,Wildfire,0,1,0.0,0.0,0.0,Fire Department/Rescue,,,,,,,,,,,
6468,2015,99187,596103,IDAHO,Wildfire,1,1,8500000.0,8500000.0,0.0,Newspaper,,,,,,,,,,,
6540,2014,88730,535048,CALIFORNIA,Wildfire,0,4,900000.0,900000.0,0.0,Fire Department/Rescue,,,,,,,,,,,
6547,2014,88935,536072,IDAHO,Wildfire,0,3,2200000.0,2200000.0,0.0,Broadcast Media,,,,,,,,,,,
6550,2014,89634,539731,CALIFORNIA,Wildfire,0,4,0.0,0.0,0.0,State Official,,,,,,,,,,,
6615,2014,82065,493480,NEBRASKA,Wildfire,0,1,0.0,0.0,0.0,Broadcast Media,,,,,,,,,,,
6789,2014,86584,522462,OKLAHOMA,Wildfire,0,2,0.0,0.0,0.0,Emergency Manager,,,,,,,,,,,
6830,2014,88327,532696,GEORGIA,Wildfire,0,1,0.0,0.0,0.0,Broadcast Media,,,,,,,,,,,
6844,2014,84338,509182,TEXAS,Wildfire,1,0,10000000.0,10000000.0,0.0,Fire Department/Rescue,,,,,,,,,,,
6848,2014,86569,522306,CALIFORNIA,Wildfire,0,3,6000.0,6000.0,0.0,Fire Department/Rescue,,,,,,,,,,,
6903,2014,88962,536150,NEVADA,Wildfire,0,2,100000.0,100000.0,0.0,Broadcast Media,,,,,,,,,,,
6928,2014,88361,532943,CALIFORNIA,Wildfire,1,21,0.0,0.0,0.0,Fire Department/Rescue,,,,,,,,,,,
6932,2014,88360,532942,CALIFORNIA,Wildfire,0,2,0.0,0.0,0.0,Fire Department/Rescue,,,,,,,,,,,
6967,2014,89633,539730,CALIFORNIA,Wildfire,0,3,0.0,0.0,0.0,State Official,,,,,,,,,,,
6981,2014,90079,541261,CALIFORNIA,Wildfire,1,0,0.0,0.0,0.0,Park/Forest Service,,,,,,,,,,,
7029,2014,89239,543844,CALIFORNIA,Wildfire,0,10,0.0,0.0,0.0,Park/Forest Service,,,,,,,,,,,
7161,2014,84730,511806,CALIFORNIA,Wildfire,0,3,6000.0,6000.0,0.0,Fire Department/Rescue,,,,,,,,,,,
7186,2014,86584,522429,OKLAHOMA,Wildfire,1,0,0.0,0.0,0.0,Broadcast Media,,,,,,,,,,,
7192,2014,86649,522967,CALIFORNIA,Wildfire,0,3,5700000.0,5700000.0,0.0,Fire Department/Rescue,,,,,,,,,,,
7239,2014,86649,522913,CALIFORNIA,Wildfire,0,3,0.0,0.0,0.0,Fire Department/Rescue,,,,,,,,,,,
7285,2014,82175,494406,WEST VIRGINIA,Wildfire,1,0,25000.0,25000.0,0.0,Emergency Manager,,,,,,,,,,,
7310,2014,83225,502096,WEST VIRGINIA,Wildfire,0,1,0.0,0.0,0.0,Broadcast Media,,,,,,,,,,,
7421,2013,77651,468359,LOUISIANA,Wildfire,0,1,0.0,0.0,0.0,Broadcast Media,,,,,,,,,,,
7558,2013,72925,440029,TEXAS,Wildfire,0,2,0.0,0.0,0.0,Fire Department/Rescue,,,,,,,,,,,
7587,2013,76198,459593,ARIZONA,Wildfire,19,0,0.0,0.0,0.0,Park/Forest Service,,,,,,,,,,,
7607,2013,75958,458470,OREGON,Wildfire,1,2,0.0,0.0,0.0,Fire Department/Rescue,,,,,,,,,,,
7656,2013,77814,469418,CALIFORNIA,Wildfire,0,12,7200000.0,7200000.0,0.0,Fire Department/Rescue,,,,,,,,,,,
7703,2013,76309,460083,WASHINGTON,Wildfire,0,2,3500000.0,3500000.0,0.0,Fire Department/Rescue,,,,,,,,,,,
7710,2013,74472,450302,COLORADO,Wildfire,0,1,0.0,0.0,0.0,Emergency Manager,,,,,,,,,,,
7730,2013,76405,460707,CALIFORNIA,Wildfire,0,10,0.0,0.0,0.0,Fire Department/Rescue,,,,,,,,,,,
8060,2013,79497,476866,CALIFORNIA,Wildfire,1,6,0.0,0.0,0.0,Fire Department/Rescue,,,,,,,,,,,
8107,2013,78162,470635,NEVADA,Wildfire,0,2,250000.0,250000.0,0.0,Broadcast Media,,,,,,,,,,,
8111,2013,79496,476865,CALIFORNIA,Wildfire,0,5,0.0,0.0,0.0,Park/Forest Service,,,,,,,,,,,
8112,2013,78909,473811,CALIFORNIA,Wildfire,0,5,0.0,0.0,0.0,Park/Forest Service,,,,,,,,,,,
8123,2013,78808,473532,CALIFORNIA,Wildfire,0,12,7000000.0,7000000.0,0.0,Fire Department/Rescue,,,,,,,,,,,
8176,2012,69731,418325,CALIFORNIA,Wildfire,0,2,4000.0,4000.0,0.0,Fire Department/Rescue,,,,,,,,,,,
8188,2012,60798,363229,NEBRASKA,Wildfire,0,1,0.0,0.0,0.0,Newspaper,,,,,,,,,,,
8194,2012,63489,380178,ARKANSAS,Wildfire,0,1,0.0,0.0,0.0,Park/Forest Service,,,,,,,,,,,
8197,2012,63411,379628,MASSACHUSETTS,Wildfire,0,1,0.0,0.0,0.0,Newspaper,,,,,,,,,,,
8205,2012,66656,399891,CALIFORNIA,Wildfire,0,2,0.0,0.0,0.0,Fire Department/Rescue,,,,,,,,,,,
8206,2012,67976,407761,CALIFORNIA,Wildfire,0,6,1000000.0,1000000.0,0.0,Fire Department/Rescue,,,,,,,,,,,
8209,2012,67337,403742,CALIFORNIA,Wildfire,0,4,0.0,0.0,0.0,Fire Department/Rescue,,,,,,,,,,,
8287,2012,63615,380883,ARKANSAS,Wildfire,0,3,0.0,0.0,0.0,Emergency Manager,,,,,,,,,,,
8339,2012,62835,375826,NEW MEXICO,Wildfire,0,5,2500000.0,2500000.0,0.0,Park/Forest Service,,,,,,,,,,,
8345,2012,60999,379683,PENNSYLVANIA,Wildfire,0,3,0.0,0.0,0.0,Park/Forest Service,,,,,,,,,,,
8351,2012,63664,381018,CALIFORNIA,Wildfire,0,3,0.0,0.0,0.0,Fire Department/Rescue,,,,,,,,,,,
8361,2012,63261,388414,MARYLAND,Wildfire,0,1,0.0,0.0,0.0,Newspaper,,,,,,,,,,,
8362,2012,64661,386838,WASHINGTON,Wildfire,0,1,0.0,0.0,0.0,Park/Forest Service,,,,,,,,,,,
8375,2012,60996,379677,DELAWARE,Wildfire,0,1,0.0,0.0,0.0,Newspaper,,,,,,,,,,,
8382,2012,64407,386073,TEXAS,Wildfire,1,0,0.0,0.0,0.0,Broadcast Media,,,,,,,,,,,
8392,2012,64115,383906,TEXAS,Wildfire,0,3,80000.0,80000.0,0.0,Newspaper,,,,,,,,,,,
8394,2012,63610,380878,ARKANSAS,Wildfire,0,2,0.0,0.0,0.0,Broadcast Media,,,,,,,,,,,
8453,2012,66023,396033,ARIZONA,Wildfire,0,8,0.0,0.0,0.0,Newspaper,,,,,,,,,,,
8460,2012,65716,396292,UTAH,Wildfire,0,1,1500000.0,1500000.0,0.0,State Official,,,,,,,,,,,
8461,2012,65716,396332,UTAH,Wildfire,0,2,0.0,0.0,0.0,State Official,,,,,,,,,,,
8471,2012,66009,395986,ARIZONA,Wildfire,0,5,0.0,0.0,0.0,Park/Forest Service,,,,,,,,,,,
8473,2012,64941,388979,KENTUCKY,Wildfire,0,1,0.0,0.0,0.0,Law Enforcement,,,,,,,,,,,
8474,2012,63338,385908,COLORADO,Wildfire,2,0,400000000.0,400000000.0,0.0,Emergency Manager,,,,,,,,,,,
8482,2012,64946,389004,ILLINOIS,Wildfire,0,5,5000.0,5000.0,0.0,Broadcast Media,,,,,,,,,,,
8492,2012,69651,426411,TEXAS,Wildfire,0,1,75000.0,75000.0,0.0,Newspaper,,,,,,,,,,,
8500,2012,59722,356780,FLORIDA,Wildfire,11,18,0.0,0.0,0.0,Fire Department/Rescue,,,,,,,,,,,
8502,2012,60275,359835,CALIFORNIA,Wildfire,0,2,20000.0,20000.0,0.0,Broadcast Media,,,,,,,,,,,
8667,2012,62197,372236,COLORADO,Wildfire,3,0,11000000.0,11000000.0,0.0,Park/Forest Service,,,,,,,,,,,
8675,2012,60784,363176,NEVADA,Wildfire,1,0,4500000.0,4500000.0,0.0,Newspaper,,,,,,,,,,,
8683,2012,61587,368469,UTAH,Wildfire,0,2,0.0,0.0,0.0,Newspaper,,,,,,,,,,,
8711,2012,62094,371543,NORTH DAKOTA,Wildfire,0,2,300000.0,300000.0,0.0,Emergency Manager,,,,,,,,,,,
8723,2012,63648,380982,ARKANSAS,Wildfire,0,1,0.0,0.0,0.0,Park/Forest Service,,,,,,,,,,,
8745,2012,67274,403410,UTAH,Wildfire,0,2,250000.0,250000.0,0.0,State Official,,,,,,,,,,,
8759,2012,68897,413262,CALIFORNIA,Wildfire,0,1,0.0,0.0,0.0,Fire Department/Rescue,,,,,,,,,,,
8817,2012,65716,396337,UTAH,Wildfire,0,2,0.0,0.0,0.0,Newspaper,,,,,,,,,,,
8844,2012,67274,403442,UTAH,Wildfire,0,3,900000.0,900000.0,0.0,State Official,,,,,,,,,,,
8845,2012,67274,403456,UTAH,Wildfire,0,4,150000.0,150000.0,0.0,State Official,,,,,,,,,,,
8853,2012,67987,407808,CALIFORNIA,Wildfire,0,2,0.0,0.0,0.0,Fire Department/Rescue,,,,,,,,,,,
8875,2012,68600,411469,MINNESOTA,Wildfire,0,1,0.0,0.0,0.0,State Official,,,,,,,,,,,
8876,2012,68898,413263,CALIFORNIA,Wildfire,1,3,3600000.0,3600000.0,0.0,Emergency Manager,,,,,,,,,,,
8892,2012,68283,409617,NEBRASKA,Wildfire,0,3,1100000.0,1000000.0,100000.0,Emergency Manager,,,,,,,,,,,
8899,2012,64862,408375,OKLAHOMA,Wildfire,1,0,0.0,0.0,0.0,Emergency Manager,,,,,,,,,,,
8902,2012,68283,409618,NEBRASKA,Wildfire,0,3,100000.0,50000.0,50000.0,Emergency Manager,,,,,,,,,,,
8908,2012,68697,411970,WISCONSIN,Wildfire,1,2,70000.0,70000.0,0.0,Newspaper,,,,,,,,,,,
8910,2012,68586,411455,WASHINGTON,Wildfire,1,0,1500.0,1500.0,0.0,Park/Forest Service,,,,,,,,,,,
8917,2012,67957,407727,NEBRASKA,Wildfire,0,3,6000000.0,6000000.0,0.0,Emergency Manager,,,,,,,,,,,
8920,2012,67267,403378,NEBRASKA,Wildfire,0,3,1000000.0,1000000.0,0.0,Emergency Manager,,,,,,,,,,,
8986,2012,60915,414719,COLORADO,Wildfire,0,3,250000.0,250000.0,0.0,Emergency Manager,,,,,,,,,,,
9002,2012,66397,398052,CALIFORNIA,Wildfire,0,3,200000.0,200000.0,0.0,Fire Department/Rescue,,,,,,,,,,,
9011,2012,65715,395933,UTAH,Wildfire,0,1,400000.0,400000.0,0.0,Newspaper,,,,,,,,,,,
9026,2012,65715,395939,UTAH,Wildfire,0,1,5000.0,5000.0,0.0,State Official,,,,,,,,,,,
9032,2012,65715,393619,UTAH,Wildfire,0,2,50000.0,50000.0,0.0,State Official,,,,,,,,,,,
9051,2012,65715,395479,UTAH,Wildfire,1,2,0.0,0.0,0.0,State Official,,,,,,,,,,,
9056,2012,66063,396372,NEBRASKA,Wildfire,0,1,1001000.0,1000.0,1000000.0,Other Federal Agency,,,,,,,,,,,
9066,2012,66063,396401,NEBRASKA,Wildfire,0,3,1001000.0,1000.0,1000000.0,Other Federal Agency,,,,,,,,,,,
9079,2012,64298,385053,IOWA,Wildfire,0,1,40000.0,0.0,40000.0,Trained Spotter,,,,,,,,,,,
9085,2012,66091,396490,MISSOURI,Wildfire,0,1,300000.0,300000.0,0.0,Emergency Manager,,,,,,,,,,,
9109,2011,51605,306711,LOUISIANA,Wildfire,0,1,20000.0,0.0,20000.0,Broadcast Media,,,,,,,,,,,
9153,2011,52702,314905,TEXAS,Wildfire,0,3,800000.0,800000.0,0.0,Park/Forest Service,,,,,,,,,,,
9154,2011,56799,340269,CALIFORNIA,Wildfire,0,2,500000.0,500000.0,0.0,Park/Forest Service,,,,,,,,,,,
9155,2011,57584,345639,ARKANSAS,Wildfire,0,1,500000.0,500000.0,0.0,Emergency Manager,,,,,,,,,,,
9164,2011,56404,338293,OKLAHOMA,Wildfire,0,1,0.0,0.0,0.0,Park/Forest Service,,,,,,,,,,,
9170,2011,49318,288879,NEW MEXICO,Wildfire,0,3,300000.0,300000.0,0.0,Other Federal Agency,,,,,,,,,,,
9171,2011,56404,338294,OKLAHOMA,Wildfire,0,1,0.0,0.0,0.0,Park/Forest Service,,,,,,,,,,,
9175,2011,56798,340268,CALIFORNIA,Wildfire,0,4,0.0,0.0,0.0,Fire Department/Rescue,,,,,,,,,,,
9179,2011,53438,319872,TEXAS,Wildfire,0,1,500.0,500.0,0.0,Broadcast Media,,,,,,,,,,,
9187,2011,54004,323572,TEXAS,Wildfire,0,2,75000.0,75000.0,0.0,Broadcast Media,,,,,,,,,,,
9203,2011,49685,291680,TEXAS,Wildfire,0,1,0.0,0.0,0.0,Fire Department/Rescue,,,,,,,,,,,
9239,2011,55719,344570,CALIFORNIA,Wildfire,0,2,0.0,0.0,0.0,Newspaper,,,,,,,,,,,
9320,2011,48831,285748,TEXAS,Wildfire,0,1,0.0,0.0,0.0,Fire Department/Rescue,,,,,,,,,,,
9325,2011,48835,285757,TEXAS,Wildfire,0,5,200000.0,200000.0,0.0,Fire Department/Rescue,,,,,,,,,,,
9328,2011,48843,285787,TEXAS,Wildfire,0,3,40000.0,40000.0,0.0,Fire Department/Rescue,,,,,,,,,,,
9359,2011,48058,286493,TEXAS,Wildfire,1,1,0.0,0.0,0.0,Public,,,,,,,,,,,
9385,2011,49003,286935,TEXAS,Wildfire,0,1,357000.0,350000.0,7000.0,Other Federal Agency,,,,,,,,,,,
9401,2011,47674,278134,TEXAS,Wildfire,0,1,200000.0,200000.0,0.0,Park/Forest Service,,,,,,,,,,,
9482,2011,50397,296906,TEXAS,Wildfire,0,1,0.0,0.0,0.0,Park/Forest Service,,,,,,,,,,,
9488,2011,51198,303651,COLORADO,Wildfire,0,1,0.0,0.0,0.0,Newspaper,,,,,,,,,,,
9503,2011,49304,288778,TEXAS,Wildfire,0,1,100000.0,100000.0,0.0,Broadcast Media,,,,,,,,,,,
9513,2011,51413,305309,TEXAS,Wildfire,1,3,155000.0,155000.0,0.0,Fire Department/Rescue,,,,,,,,,,,
9671,2011,49201,288532,TEXAS,Wildfire,0,2,12000.0,7000.0,5000.0,Park/Forest Service,,,,,,,,,,,
9681,2011,49201,288543,TEXAS,Wildfire,0,1,250000.0,250000.0,0.0,Newspaper,,,,,,,,,,,
9713,2011,58812,352651,NEVADA,Wildfire,1,17,8000000.0,8000000.0,0.0,Newspaper,,,,,,,,,,,
9731,2011,47756,278327,TEXAS,Wildfire,0,1,15000.0,15000.0,0.0,Fire Department/Rescue,,,,,,,,,,,
9737,2011,47856,279477,ARKANSAS,Wildfire,0,2,300000.0,300000.0,0.0,Newspaper,,,,,,,,,,,
9759,2011,50450,299403,TEXAS,Wildfire,0,1,0.0,0.0,0.0,Park/Forest Service,,,,,,,,,,,
9761,2011,51326,304625,NEW MEXICO,Wildfire,0,13,150000.0,150000.0,0.0,Park/Forest Service,,,,,,,,,,,
9786,2011,51877,309006,ARIZONA,Wildfire,0,12,0.0,0.0,0.0,Park/Forest Service,,,,,,,,,,,
9810,2011,52958,316722,COLORADO,Wildfire,0,3,0.0,0.0,0.0,Law Enforcement,,,,,,,,,,,
9849,2011,49686,291683,TEXAS,Wildfire,0,2,50000.0,50000.0,0.0,Emergency Manager,,,,,,,,,,,
9854,2011,50077,294306,TEXAS,Wildfire,1,6,50000.0,0.0,50000.0,Park/Forest Service,,,,,,,,,,,
9890,2011,46975,273367,WASHINGTON,Wildfire,0,2,4000000.0,4000000.0,0.0,Fire Department/Rescue,,,,,,,,,,,
9908,2011,58421,350444,CALIFORNIA,Wildfire,0,1,0.0,0.0,0.0,Fire Department/Rescue,,,,,,,,,,,
9962,2011,56500,338814,TEXAS,Wildfire,0,1,6000000.0,6000000.0,0.0,Emergency Manager,,,,,,,,,,,
9968,2011,56533,338976,LOUISIANA,Wildfire,0,1,0.0,0.0,0.0,Emergency Manager,,,,,,,,,,,
9990,2011,56508,338833,TEXAS,Wildfire,2,2,2200000.0,2200000.0,0.0,Emergency Manager,,,,,,,,,,,
9991,2011,56511,338835,TEXAS,Wildfire,0,1,350000.0,350000.0,0.0,Emergency Manager,,,,,,,,,,,
9995,2011,54409,326709,ARKANSAS,Wildfire,0,1,50000.0,50000.0,0.0,Emergency Manager,,,,,,,,,,,
10008,2011,58328,349876,TEXAS,Wildfire,2,0,250000000.0,250000000.0,0.0,State Official,,,,,,,,,,,
10071,2011,58650,351730,SOUTH DAKOTA,Wildfire,0,1,0.0,0.0,0.0,Newspaper,,,,,,,,,,,
10121,2011,55228,331689,CALIFORNIA,Wildfire,0,18,25000.0,25000.0,0.0,Newspaper,,,,,,,,,,,
10151,2011,54761,329284,TEXAS,Wildfire,1,0,30000.0,30000.0,0.0,Park/Forest Service,,,,,,,,,,,
10161,2011,54762,329092,TEXAS,Wildfire,0,2,1000000.0,1000000.0,0.0,Newspaper,,,,,,,,,,,
10214,2011,55310,332129,TEXAS,Wildfire,0,1,72000.0,72000.0,0.0,Park/Forest Service,,,,,,,,,,,
10239,2011,56802,340277,CALIFORNIA,Wildfire,0,3,0.0,0.0,0.0,Fire Department/Rescue,,,,,,,,,,,
10253,2011,58044,348013,TEXAS,Wildfire,0,1,975000.0,975000.0,0.0,Park/Forest Service,,,,,,,,,,,
10274,2011,58044,348908,TEXAS,Wildfire,1,2,100000.0,100000.0,0.0,Broadcast Media,,,,,,,,,,,
10290,2011,57523,345067,TEXAS,Wildfire,1,0,0.0,0.0,0.0,Park/Forest Service,,,,,,,,,,,
10291,2011,57139,342913,TEXAS,Wildfire,0,1,750000.0,750000.0,0.0,Newspaper,,,,,,,,,,,
10303,2011,57721,346389,CALIFORNIA,Wildfire,0,1,600000.0,600000.0,0.0,Other Federal Agency,,,,,,,,,,,
10326,2011,57142,342312,TEXAS,Wildfire,0,1,12000000.0,12000000.0,0.0,Park/Forest Service,,,,,,,,,,,
10343,2011,58203,349053,IOWA,Wildfire,0,1,15000.0,15000.0,0.0,Newspaper,,,,,,,,,,,
10359,2011,51878,309008,ARIZONA,Wildfire,0,1,1000000.0,1000000.0,0.0,Park/Forest Service,,,,,,,,,,,
10391,2011,54009,323594,TEXAS,Wildfire,0,2,400000.0,400000.0,0.0,Broadcast Media,,,,,,,,,,,
10392,2011,53570,320818,TEXAS,Wildfire,0,2,0.0,0.0,0.0,Park/Forest Service,,,,,,,,,,,
10393,2011,53570,320837,TEXAS,Wildfire,0,2,0.0,0.0,0.0,Park/Forest Service,,,,,,,,,,,
10394,2011,53570,320857,TEXAS,Wildfire,0,2,0.0,0.0,0.0,Park/Forest Service,,,,,,,,,,,
10395,2011,53570,320860,TEXAS,Wildfire,0,2,0.0,0.0,0.0,Park/Forest Service,,,,,,,,,,,
10421,2011,53793,322355,TEXAS,Wildfire,1,0,150000.0,150000.0,0.0,Emergency Manager,,,,,,,,,,,
10425,2011,53570,320704,TEXAS,Wildfire,0,2,0.0,0.0,0.0,Park/Forest Service,,,,,,,,,,,
10426,2011,53570,320705,TEXAS,Wildfire,0,2,0.0,0.0,0.0,Park/Forest Service,,,,,,,,,,,
10427,2011,53570,320784,TEXAS,Wildfire,0,2,0.0,0.0,0.0,Park/Forest Service,,,,,,,,,,,
10428,2011,53570,320797,TEXAS,Wildfire,0,2,0.0,0.0,0.0,Park/Forest Service,,,,,,,,,,,
10672,2010,46663,270763,COLORADO,Wildfire,0,1,45000.0,25000.0,20000.0,Newspaper,,,,,,,,,,,
10686,2010,37535,218494,WISCONSIN,Wildfire,1,2,0.0,0.0,0.0,Newspaper,,,,,,,,,,,
10761,2010,44894,260180,KANSAS,Wildfire,0,1,100000.0,100000.0,0.0,Emergency Manager,,,,,,,,,,,
10990,2010,37172,216179,ALABAMA,Wildfire,0,1,3000.0,3000.0,0.0,Emergency Manager,,,,,,,,,,,
11082,2010,39467,229305,HAWAII,Wildfire,0,1,0.0,0.0,0.0,Newspaper,,,,,,,,,,,
11087,2010,40345,234746,CALIFORNIA,Wildfire,0,1,0.0,0.0,0.0,Fire Department/Rescue,,,,,,,,,,,
11089,2010,52338,312533,FLORIDA,Wildfire,1,0,0.0,0.0,0.0,Emergency Manager,,,,,,,,,,,
11091,2010,40270,234293,WASHINGTON,Wildfire,0,3,0.0,0.0,0.0,Law Enforcement,,,,,,,,,,,
11139,2010,36930,223733,NEW JERSEY,Wildfire,0,2,0.0,0.0,0.0,State Official,,,,,,,,,,,
11355,2010,42912,250175,CALIFORNIA,Wildfire,0,1,17500.0,17500.0,0.0,Fire Department/Rescue,,,,,,,,,,,
11378,2010,44852,260002,CALIFORNIA,Wildfire,0,4,400000.0,400000.0,0.0,Newspaper,,,,,,,,,,,
11407,2010,45362,263199,GEORGIA,Wildfire,0,1,0.0,0.0,0.0,Emergency Manager,,,,,,,,,,,
11430,2010,44696,259300,LOUISIANA,Wildfire,0,1,100000.0,100000.0,0.0,Broadcast Media,,,,,,,,,,,
11446,2010,44331,257607,CALIFORNIA,Wildfire,0,2,0.0,0.0,0.0,Fire Department/Rescue,,,,,,,,,,,
11478,2010,44977,262703,UTAH,Wildfire,0,6,5000000.0,5000000.0,0.0,Other Federal Agency,,,,,,,,,,,
11550,2010,42899,250163,CALIFORNIA,Wildfire,0,1,0.0,0.0,0.0,Fire Department/Rescue,,,,,,,,,,,
11628,2010,39592,248554,PENNSYLVANIA,Wildfire,0,2,0.0,0.0,0.0,Newspaper,,,,,,,,,,,
11689,2009,34862,201047,CALIFORNIA,Wildfire,0,4,20000.0,20000.0,0.0,Fire Department/Rescue,,,,,,,,,,,
11734,2009,28801,169358,CALIFORNIA,Wildfire,0,30,17000000.0,17000000.0,0.0,Fire Department/Rescue,,,,,,,,,,,
11735,2009,28801,169359,CALIFORNIA,Wildfire,0,30,17000000.0,17000000.0,0.0,Fire Department/Rescue,,,,,,,,,,,
11801,2009,33474,194628,CALIFORNIA,Wildfire,0,4,1000000.0,1000000.0,0.0,Fire Department/Rescue,,,,,,,,,,,
11802,2009,33475,194638,CALIFORNIA,Wildfire,0,1,1000000.0,1000000.0,0.0,Fire Department/Rescue,,,,,,,,,,,
11847,2009,34812,200851,TEXAS,Wildfire,0,2,20000.0,20000.0,0.0,Emergency Manager,,,,,,,,,,,
11861,2009,33286,193865,CALIFORNIA,Wildfire,2,0,0.0,0.0,0.0,Fire Department/Rescue,,,,,,,,,,,
11886,2009,34652,200087,CALIFORNIA,Wildfire,0,8,750000.0,750000.0,0.0,Park/Forest Service,,,,,,,,,,,
11951,2009,24437,142139,OKLAHOMA,Wildfire,0,1,20000.0,20000.0,0.0,Fire Department/Rescue,,,,,,,,,,,
11964,2009,25441,148542,TEXAS,Wildfire,0,1,500000.0,500000.0,0.0,Law Enforcement,,,,,,,,,,,
12163,2009,27063,158732,WISCONSIN,Wildfire,0,1,500000.0,500000.0,0.0,Emergency Manager,,,,,,,,,,,
12193,2009,26533,155231,TEXAS,Wildfire,0,1,100000.0,100000.0,0.0,Broadcast Media,,,,,,,,,,,
12275,2009,28087,164804,TEXAS,Wildfire,2,1,6000000.0,5000000.0,1000000.0,Newspaper,,,,,,,,,,,
12282,2009,26585,155726,TEXAS,Wildfire,0,4,1500000.0,1500000.0,0.0,Fire Department/Rescue,,,,,,,,,,,
12290,2009,28087,164817,TEXAS,Wildfire,0,1,250000.0,250000.0,0.0,Newspaper,,,,,,,,,,,
12292,2009,27780,163142,COLORADO,Wildfire,0,1,3000.0,3000.0,0.0,Newspaper,,,,,,,,,,,
12358,2009,27719,162774,ARIZONA,Wildfire,0,1,560000.0,560000.0,0.0,Newspaper,,,,,,,,,,,
12555,2009,34240,198197,CALIFORNIA,Wildfire,0,4,0.0,0.0,0.0,State Official,,,,,,,,,,,
12612,2009,33473,194621,CALIFORNIA,Wildfire,0,5,50000.0,50000.0,0.0,Fire Department/Rescue,,,,,,,,,,,
12621,2009,33288,193867,CALIFORNIA,Wildfire,0,10,0.0,0.0,0.0,Fire Department/Rescue,,,,,,,,,,,
12622,2009,33288,193868,CALIFORNIA,Wildfire,0,10,0.0,0.0,0.0,Fire Department/Rescue,,,,,,,,,,,
12708,2008,17708,102378,FLORIDA,Wildfire,1,29,0.0,0.0,0.0,Newspaper,,,,,,,,,,,
12859,2008,23816,138979,CALIFORNIA,Wildfire,0,1,100000.0,100000.0,0.0,Fire Department/Rescue,,,,,,,,,,,
13023,2008,24275,141232,CALIFORNIA,Wildfire,0,14,150000000.0,150000000.0,0.0,Fire Department/Rescue,,,,,,,,,,,
13031,2008,13998,78822,TEXAS,Wildfire,0,1,0.0,0.0,0.0,Park/Forest Service,,,,,,,,,,,
13034,2008,13982,78753,ARKANSAS,Wildfire,0,1,0.0,0.0,0.0,Emergency Manager,,,,,,,,,,,
13066,2008,13934,78156,TEXAS,Wildfire,0,4,50000.0,50000.0,0.0,Fire Department/Rescue,,,,,,,,,,,
13067,2008,12365,67914,TEXAS,Wildfire,0,3,75000.0,75000.0,0.0,Emergency Manager,,,,,,,,,,,
13084,2008,12532,68711,TEXAS,Wildfire,0,4,3000.0,3000.0,0.0,Newspaper,,,,,,,,,,,
13088,2008,12531,68704,TEXAS,Wildfire,0,5,25000.0,25000.0,0.0,Newspaper,,,,,,,,,,,
13240,2008,25143,146558,COLORADO,Wildfire,0,1,0.0,0.0,0.0,Newspaper,,,,,,,,,,,
13304,2008,14775,86324,CALIFORNIA,Wildfire,0,1,0.0,0.0,0.0,Newspaper,,,,,,,,,,,
13321,2008,15564,88862,NORTH DAKOTA,Wildfire,0,2,350000.0,350000.0,0.0,Newspaper,,,,,,,,,,,
13322,2008,16678,96184,COLORADO,Wildfire,2,0,5000000.0,5000000.0,0.0,Broadcast Media,,,,,,,,,,,
13325,2008,16682,96204,COLORADO,Wildfire,1,0,0.0,0.0,0.0,Broadcast Media,,,,,,,,,,,
13356,2008,15507,88127,TEXAS,Wildfire,1,0,10500.0,10500.0,0.0,Fire Department/Rescue,,,,,,,,,,,
13366,2008,15236,91498,TEXAS,Wildfire,0,1,5000.0,5000.0,0.0,Park/Forest Service,,,,,,,,,,,
13382,2008,14141,81425,MONTANA,Wildfire,0,2,100000.0,100000.0,0.0,Law Enforcement,,,,,,,,,,,
13429,2008,17941,104189,TEXAS,Wildfire,0,2,0.0,0.0,0.0,Fire Department/Rescue,,,,,,,,,,,
13439,2008,16941,97784,TEXAS,Wildfire,0,1,0.0,0.0,0.0,Park/Forest Service,,,,,,,,,,,
13503,2008,18616,109091,FLORIDA,Wildfire,0,3,16000000.0,16000000.0,0.0,Newspaper,,,,,,,,,,,
13518,2008,18749,110133,CALIFORNIA,Wildfire,1,0,0.0,0.0,0.0,Other Federal Agency,,,,,,,,,,,
13534,2008,18715,113837,CALIFORNIA,Wildfire,0,1,0.0,0.0,0.0,Fire Department/Rescue,,,,,,,,,,,
13724,2008,21469,126897,IDAHO,Wildfire,1,0,5000000.0,5000000.0,0.0,NWS Employee,,,,,,,,,,,
13751,2008,18378,111098,CALIFORNIA,Wildfire,0,6,0.0,0.0,0.0,State Official,,,,,,,,,,,
13752,2008,18867,111438,CALIFORNIA,Wildfire,0,1,0.0,0.0,0.0,State Official,,,,,,,,,,,
13762,2008,18378,111015,CALIFORNIA,Wildfire,0,6,0.0,0.0,0.0,State Official,,,,,,,,,,,
13768,2008,18379,111052,CALIFORNIA,Wildfire,0,8,0.0,0.0,0.0,Newspaper,,,,,,,,,,,
13769,2008,18378,111337,CALIFORNIA,Wildfire,0,12,0.0,0.0,0.0,State Official,,,,,,,,,,,
13791,2008,18867,111033,CALIFORNIA,Wildfire,1,65,0.0,0.0,0.0,Fire Department/Rescue,,,,,,,,,,,
13799,2008,18867,111436,CALIFORNIA,Wildfire,0,2,0.0,0.0,0.0,State Official,,,,,,,,,,,
13813,2008,23813,138976,CALIFORNIA,Wildfire,0,2,0.0,0.0,0.0,Fire Department/Rescue,,,,,,,,,,,
13815,2008,22546,137574,NEW JERSEY,Wildfire,0,7,0.0,0.0,0.0,Park/Forest Service,,,,,,,,,,,
